"Name","Genre","Language","MRP","Quality","Broadcaster"
"ABP Majha","News","Marathi","0.5","SD","5c1b6eef0cca52169ac36c4f"
"The History Channel","Infotainment","Hindi","4","SD","5c1b68214ae1d63ad19368fd"
"FY1 TV18","Infotainment","English","1","SD","5c1b68214ae1d63ad19368fd"
"FY1 TV18 (HD)","Infotainment","English","1","HD","5c1b68214ae1d63ad19368fd"
"Histroy TV 18 HD","Infotainment","Hindi","9","HD","5c1b68214ae1d63ad19368fd"
"Asianet","GEC","Malayalam","19","SD","5c1b67634ae1d63ad19368fb"
"Asianet Plus","GEC","Malayalam","5","SD","5c1b67634ae1d63ad19368fb"
"Asianet Movies","Movies","Malayalam","15","SD","5c1b67634ae1d63ad19368fb"
"Suvarna Plus","Movies","Kannada","5","SD","5c1b67634ae1d63ad19368fb"
"Star Suvarna  HD","GEC","Kannada","19","HD","5c1b67634ae1d63ad19368fb"
"Asianet HD","GEC","Malayalam","19","HD","5c1b67634ae1d63ad19368fb"
"Star Suvarna","GEC","Kannada","19","SD","5c1b67634ae1d63ad19368fb"
"AATH","GEC","Bangla","4","SD","5c1b67be4ae1d63ad19368fc"
"SONY Marathi","GEC","Marathi","4","SD","5c1b67be4ae1d63ad19368fc"
"BBC World News","News","English","1","SD","5c1b66dc4ae1d63ad19368fa"
"Zoom","GEC","Hindi","1","SD","5c1b6f420cca52169ac36c50"
"Romedy Now","Movies","English","8","SD","5c1b6f420cca52169ac36c50"
"MN +","Movies","English","10","HD","5c1b6f420cca52169ac36c50"
"Mirror Now","News","English/Hindi","3","SD","5c1b6f420cca52169ac36c50"
"ET NOW","News","English/Hindi","3","SD","5c1b6f420cca52169ac36c50"
"Times Now","News","English/Hindi","5","SD","5c1b6f420cca52169ac36c50"
"Romedy Now HD","Movies","English","10","HD","5c1b6f420cca52169ac36c50"
"Movies Now HD","Movies","English","15","HD","5c1b6f420cca52169ac36c50"
"MNX HD","Movies","English","10","HD","5c1b6f420cca52169ac36c50"
"MNX","Movies","English","8","SD","5c1b6f420cca52169ac36c50"
"Times Now HD","News","English","7","HD","5c1b6f420cca52169ac36c50"
"BTVi","News","English","3","SD","5c1b664f4ae1d63ad19368f9"
"Travel XP HD","Lifestyle","English","9","HD","5c1b65b74ae1d63ad19368f8"
"Travel XP Tamil","Lifestyle","Tamil","1.5","SD","5c1b65b74ae1d63ad19368f8"
"JAN TV PLUS","News","Hindi","50","SD","5c1b65064ae1d63ad19368f7"
"Animal Planet","Infotainment","English/Hindi","2","SD","5c1b5435a52fc63ad1038d2f"
"Discovery Channel","Infotainment","English/Hindi","4","SD","5c1b5435a52fc63ad1038d2f"
"Discovery Channel %u2013 Tamil","Infotainment","Tamil","4","SD","5c1b5435a52fc63ad1038d2f"
"Discovery Kids Channel","Kids","English","3","SD","5c1b5435a52fc63ad1038d2f"
"Discovery Science","Infotainment","English/Hindi","1","SD","5c1b5435a52fc63ad1038d2f"
"Discovery Turbo","Infotainment","English/Hindi","1","SD","5c1b5435a52fc63ad1038d2f"
"Discovery Jeet","GEC","Hindi","1","SD","5c1b5435a52fc63ad1038d2f"
"Discovery HD World","Infotainment","English","6","HD","5c1b5435a52fc63ad1038d2f"
"Animal Planet HD World","Infotainment","English/Hindi","3","HD","5c1b5435a52fc63ad1038d2f"
"TLC HD world","Infotainment","English/Hindi","3","HD","5c1b5435a52fc63ad1038d2f"
"Discovery Jeet HD","GEC","Hindi","2","HD","5c1b5435a52fc63ad1038d2f"
"TLC","Infotainment","English/Hindi","2","SD","5c1b5435a52fc63ad1038d2f"
"Dsport","Sports","English","4","SD","5c1b5435a52fc63ad1038d2f"
"Disney Junior","Kids","English","4","SD","5c1b5435a52fc63ad1038d2c"
"UTV Movies","Movies","Hindi","2","SD","5c1b5435a52fc63ad1038d2c"
"Marvel HQ (Disney XD)","Kids","English/Hindi","4","SD","5c1b5435a52fc63ad1038d2c"
"Disney International HD","GEC","English","12","HD","5c1b5435a52fc63ad1038d2c"
"Hungama TV","Kids","English/Hindi","6","SD","5c1b5435a52fc63ad1038d2c"
"The Disney Channel","Kids","English/Hindi","8","SD","5c1b5435a52fc63ad1038d2c"
"UTV HD","Movies","Hindi","8","HD","5c1b5435a52fc63ad1038d2c"
"ETV","GEC","Telugu","17","SD","5c1b5435a52fc63ad1038d2e"
"ETV Andhra Pradesh","News","Telugu","1","SD","5c1b5435a52fc63ad1038d2e"
"ETV - Telangana","News","Telugu","1","SD","5c1b5435a52fc63ad1038d2e"
"ETV Cinema","Movies","Telugu","6","SD","5c1b5435a52fc63ad1038d2e"
"ETV Life","GEC","Telugu","1","SD","5c1b5435a52fc63ad1038d2e"
"ETV Plus","GEC","Telugu","7","SD","5c1b5435a52fc63ad1038d2e"
"ETV Abhiruchi","GEC","Telugu","2","SD","5c1b5435a52fc63ad1038d2e"
"ETV HD","GEC","Telugu","19","HD","5c1b5435a52fc63ad1038d2e"
"ETV Plus HD","GEC","Telugu","10","HD","5c1b5435a52fc63ad1038d2e"
"ETV Cinema HD","Movies","Telugu","10","HD","5c1b5435a52fc63ad1038d2e"
"ETV Abhiruchi HD","GEC","Telugu","4","HD","5c1b5435a52fc63ad1038d2e"
"ETV Life HD","GEC","Telugu","3","HD","5c1b5435a52fc63ad1038d2e"
"EPIC TV (HD Distribution)","Infotainment","English/Hindi","2","HD","5c1b6fd00cca52169ac36c51"
"UTV Bindass","GEC","Hindi","1","SD","5c1b68944ae1d63ad19368fe"
"UTV Action","Movies","Hindi","2","SD","5c1b68944ae1d63ad19368fe"
"Topper TV","Miscellaneous","English","59.32","SD","5c1b702c0cca52169ac36c52"
"News 18 Lokmat","News","Hindi","0.5","SD","5c1b70840cca52169ac36c53"
"Living Foodz HD","Infotainment","Hindi","10","HD","5c1b71110cca52169ac36c54"
"Living Travelz","Infotainment","Hindi","0.1","SD","5c1b71110cca52169ac36c54"
"Living Rootz","Infotainment","Hindi","0.1","SD","5c1b71110cca52169ac36c54"
"Z Living","Infotainment","Hindi","0.1","SD","5c1b71110cca52169ac36c54"
"J Movies","Movies","Tamil","3.75","SD","5c1b5435a52fc63ad1038d27"
"Jaya Max","Music","Tamil","3.75","SD","5c1b5435a52fc63ad1038d27"
"Jaya Plus","News","Tamil","1","SD","5c1b5435a52fc63ad1038d27"
"Jaya TV HD","GEC","Tamil","19","HD","5c1b5435a52fc63ad1038d27"
"SONY BBC EARTH","Infotainment","English/Hindi","4","SD","5c1b71700cca52169ac36c55"
"SONY BBC EARTH HD","Infotainment","English/Hindi","10","HD","5c1b71700cca52169ac36c55"
"Travel XP","Lifestyle","English","3","SD","5c1b71ed0cca52169ac36c56"
"Good Times","Lifestyle","English","1.5","SD","5c1b72290cca52169ac36c57"
"NDTV 24*7","News","English","3","SD","5c1b5435a52fc63ad1038d25"
"NDTV India","News","Hindi","1","SD","5c1b5435a52fc63ad1038d25"
"NDTV Profit","News","English","1","SD","5c1b5435a52fc63ad1038d25"
"Fox Life","Lifestyle","English/Hindi","1","SD","5c1b72a40cca52169ac36c58"
"National Geographic Channel (NGC)","Infotainment","English/Hindi","2","SD","5c1b72a40cca52169ac36c58"
"Fox Life HD","Lifestyle","English/Hindi","1","HD","5c1b72a40cca52169ac36c58"
"Nat Geo  Wild","Infotainment","English/Hindi","1","SD","5c1b72a40cca52169ac36c58"
"National Geographic HD","Infotainment","English/Hindi","10","HD","5c1b72a40cca52169ac36c58"
"Nat Geo Music HD","Music","English/Hindi","1","HD","5c1b72a40cca52169ac36c58"
"Nat Geo Wild HD","Infotainment","English/Hindi","5","HD","5c1b72a40cca52169ac36c58"
"Nat Geo People HD","Infotainment","English/Hindi","1","HD","5c1b72a40cca52169ac36c58"
"Baby TV HD","Kids","English/Hindi","1","HD","5c1b72a40cca52169ac36c58"
"NHK World Premium (HD Distribution)","Infotainment","Japanese","1800","HD","5c1b72f80cca52169ac36c59"
"Prarthana","Devotional","Odia","2","SD","5c1b738f0cca52169ac36c5a"
"Tarang","GEC","Odia","10","SD","5c1b738f0cca52169ac36c5a"
"Tarang Music","Music","Odia","2","SD","5c1b738f0cca52169ac36c5a"
"Alankar","Movies","Odia","4","SD","5c1b738f0cca52169ac36c5a"
"News 18 Bihar Jharkhand","News","Hindi","0.5","SD","5c1b73f00cca52169ac36c5b"
"News 18 Madhya Pradesh / Chattisgarh","News","Hindi","0.5","SD","5c1b73f00cca52169ac36c5b"
"News 18 Rajasthan","News","Hindi","0.5","SD","5c1b73f00cca52169ac36c5b"
"News 18 Uttar Pradesh/ Uttaranchal","News","Hindi","0.5","SD","5c1b73f00cca52169ac36c5b"
"News 18 Urdu","News","Urdu","0.5","SD","5c1b73f00cca52169ac36c5b"
"News 18 Kannada","News","Kannada","0.5","SD","5c1b73f00cca52169ac36c5b"
"News 18 Bangla","News","Bangla","0.5","SD","5c1b73f00cca52169ac36c5b"
"News 18 Punjab / Haryana / Himanchal Pradesh","News","Punjabi","0.5","SD","5c1b73f00cca52169ac36c5b"
"News 18 Gujarati","News","Gujarati","0.5","SD","5c1b73f00cca52169ac36c5b"
"News 18 Odia","News","Odia","0.5","SD","5c1b73f00cca52169ac36c5b"
"Raj Musix Kannada","Music","Kannada","0.25","SD","5c1b5435a52fc63ad1038d2d"
"Raj Digital Plus","Movies","Tamil","1.5","SD","5c1b5435a52fc63ad1038d2d"
"Raj Musix","Music","Tamil","1","SD","5c1b5435a52fc63ad1038d2d"
"Raj News","News","Tamil","0.25","SD","5c1b5435a52fc63ad1038d2d"
"Raj TV","GEC","Tamil","3","SD","5c1b5435a52fc63ad1038d2d"
"Vissa TV","GEC","Telugu","0.5","SD","5c1b5435a52fc63ad1038d2d"
"Sarthak TV","GEC","Odia","19","SD","5c1b745a0cca52169ac36c5c"
"Mega 24","GEC","Tamil","1","SD","5c1b5435a52fc63ad1038d29"
"Mega Musiq","Music","Tamil","2","SD","5c1b5435a52fc63ad1038d29"
"Mega TV","GEC","Tamil","5","SD","5c1b5435a52fc63ad1038d29"
"Sony YAY!","Kids","English","2","SD","5c1b5435a52fc63ad1038d20"
"AXN","GEC","English","5","SD","5c1b5435a52fc63ad1038d20"
"SET MAX","Movies","Hindi","15","SD","5c1b5435a52fc63ad1038d20"
"MIX","Music","Hindi","1","SD","5c1b5435a52fc63ad1038d20"
"SAB","GEC","Hindi","19","SD","5c1b5435a52fc63ad1038d20"
"SONY ENTERTAINMENT CHANNEL (SET)","GEC","Hindi","19","SD","5c1b5435a52fc63ad1038d20"
"PIX","Movies","English","10","SD","5c1b5435a52fc63ad1038d20"
"SIX","Sports","English/Hindi","15","SD","5c1b5435a52fc63ad1038d20"
"MAX 2","Movies","Hindi","1","SD","5c1b5435a52fc63ad1038d20"
"PAL","GEC","Hindi","1","SD","5c1b5435a52fc63ad1038d20"
"SET HD","GEC","Hindi","19","HD","5c1b5435a52fc63ad1038d20"
"SIX  HD","Sports","English/Hindi","19","HD","5c1b5435a52fc63ad1038d20"
"PIX HD","Movies","English","15","HD","5c1b5435a52fc63ad1038d20"
"MAX HD","Movies","Hindi","17","HD","5c1b5435a52fc63ad1038d20"
"SONY ESPN HD","Sports","English/Hindi","7","HD","5c1b5435a52fc63ad1038d20"
"Ten 2 HD","Sports","English/Hindi","17","HD","5c1b5435a52fc63ad1038d20"
"Ten 3 HD","Sports","English/Hindi","17","HD","5c1b5435a52fc63ad1038d20"
"SONY ESPN","Sports","English/Hindi","5","SD","5c1b5435a52fc63ad1038d20"
"AXN HD","GEC","English","7","HD","5c1b5435a52fc63ad1038d20"
"Ten 2","Sports","English/Hindi","15","SD","5c1b5435a52fc63ad1038d20"
"Ten 1","Sports","English","19","SD","5c1b5435a52fc63ad1038d20"
"Ten 3","Sports","English/Hindi","17","SD","5c1b5435a52fc63ad1038d20"
"Ten 1 HD","Sports","English","19","HD","5c1b5435a52fc63ad1038d20"
"SONY Wah","Movies","Hindi","1","SD","5c1b5435a52fc63ad1038d20"
"SAB HD","GEC","Hindi","19","HD","5c1b5435a52fc63ad1038d20"
"Star Sports 3","Sports","English/Hindi","4","SD","5c1b5435a52fc63ad1038d1e"
"Star Sports 1 Tamil","Sports","Tamil","17","SD","5c1b5435a52fc63ad1038d1e"
"Star Sports Select 2","Sports","English/Hindi","7","SD","5c1b5435a52fc63ad1038d1e"
"Star Bharat","GEC","Hindi","10","SD","5c1b5435a52fc63ad1038d1e"
"Movies OK","Movies","Hindi","1","SD","5c1b5435a52fc63ad1038d1e"
"Star Sports 1 Hindi","Sports","Hindi","19","SD","5c1b5435a52fc63ad1038d1e"
"Star Gold","Movies","Hindi","8","SD","5c1b5435a52fc63ad1038d1e"
"Star Jalsha","GEC","Bangla","19","SD","5c1b5435a52fc63ad1038d1e"
"Star Movies","Movies","English","12","SD","5c1b5435a52fc63ad1038d1e"
"Star Gold Select","Movies","Hindi","7","SD","5c1b5435a52fc63ad1038d1e"
"Star Plus","GEC","Hindi","19","SD","5c1b5435a52fc63ad1038d1e"
"Star Pravah","GEC","Marathi","9","SD","5c1b5435a52fc63ad1038d1e"
"Star Sports 1","Sports","English/Hindi","19","SD","5c1b5435a52fc63ad1038d1e"
"Star Sports 2","Sports","English/Hindi","6","SD","5c1b5435a52fc63ad1038d1e"
"Star World","GEC","English","8","SD","5c1b5435a52fc63ad1038d1e"
"Jalsha Movies","Movies","Bangla","6","SD","5c1b5435a52fc63ad1038d1e"
"Star Sports HD 2","Sports","English/Hindi","19","HD","5c1b5435a52fc63ad1038d1e"
"Star Sports  HD 1","Sports","English/Hindi","19","HD","5c1b5435a52fc63ad1038d1e"
"Star Bharat HD","GEC","Hindi","19","HD","5c1b5435a52fc63ad1038d1e"
"Star Gold HD","Movies","Hindi","10","HD","5c1b5435a52fc63ad1038d1e"
"Star Movies HD","Movies","English","19","HD","5c1b5435a52fc63ad1038d1e"
"Star Plus HD","GEC","Hindi","19","HD","5c1b5435a52fc63ad1038d1e"
"Star World Prmiere HD","GEC","English","9","HD","5c1b5435a52fc63ad1038d1e"
"Star Sports 1 HD Hindi","Sports","Hindi","19","HD","5c1b5435a52fc63ad1038d1e"
"Star Sports Select 1","Sports","English/Hindi","19","SD","5c1b5435a52fc63ad1038d1e"
"Star Movies Select HD","Movies","English","10","HD","5c1b5435a52fc63ad1038d1e"
"Star World HD","GEC","English","9","HD","5c1b5435a52fc63ad1038d1e"
"Star Sports First","Sports","English/Hindi","1","SD","5c1b5435a52fc63ad1038d1e"
"MAA Gold","Movies","Telugu","2","SD","5c1b5435a52fc63ad1038d1e"
"MAA Movies","Movies","Telugu","10","SD","5c1b5435a52fc63ad1038d1e"
"MAA Music","Music","Telugu","1","SD","5c1b5435a52fc63ad1038d1e"
"MAA TV","GEC","Telugu","19","SD","5c1b5435a52fc63ad1038d1e"
"Star Pravah HD","GEC","Marathi","15","HD","5c1b5435a52fc63ad1038d1e"
"Star Jalsha HD","GEC","Bangla","19","HD","5c1b5435a52fc63ad1038d1e"
"Jalsha Movies HD","Movies","Bangla","19","HD","5c1b5435a52fc63ad1038d1e"
"Star Sports Select HD 1","Sports","English/Hindi","19","HD","5c1b5435a52fc63ad1038d1e"
"Star Sports Select HD 2","Sports","English/Hindi","10","HD","5c1b5435a52fc63ad1038d1e"
"MAA HD","GEC","Telugu","19","HD","5c1b5435a52fc63ad1038d1e"
"Star Gold Select HD","Movies","Hindi","10","HD","5c1b5435a52fc63ad1038d1e"
"MAA Movies HD","Movies","Telugu","19","HD","5c1b5435a52fc63ad1038d1e"
"Star Sport 1 Telugu","Sports","Telugu","19","SD","5c1b5435a52fc63ad1038d1e"
"Star Sport 1 Kannada","Sports","Kannada","19","SD","5c1b5435a52fc63ad1038d1e"
"Star Utsav","GEC","Hindi","1","SD","5c1b5435a52fc63ad1038d1e"
"Star Utsav Movies","Movies","Hindi","1","SD","5c1b5435a52fc63ad1038d1e"
"Adithya TV","Movies","Tamil","9","SD","5c1b5435a52fc63ad1038d23"
"Chintu TV","Kids","Kannada","6","SD","5c1b5435a52fc63ad1038d23"
"Chutti TV","Kids","Tamil","6","SD","5c1b5435a52fc63ad1038d23"
"Gemini Comedy","Movies","Telugu","5","SD","5c1b5435a52fc63ad1038d23"
"Gemini Life","GEC","Telugu","5","SD","5c1b5435a52fc63ad1038d23"
"Gemini Movies","Movies","Telugu","17","SD","5c1b5435a52fc63ad1038d23"
"Gemini Music","Music","Telugu","4","SD","5c1b5435a52fc63ad1038d23"
"Gemini News","News","Telugu","0.1","SD","5c1b5435a52fc63ad1038d23"
"Gemini TV","GEC","Telugu","19","SD","5c1b5435a52fc63ad1038d23"
"KTV","Movies","Tamil","19","SD","5c1b5435a52fc63ad1038d23"
"Surya Movies","Movies","Malayalam","11","SD","5c1b5435a52fc63ad1038d23"
"Kushi TV","Kids","Telugu","4","SD","5c1b5435a52fc63ad1038d23"
"SUN Life","GEC","Tamil","9","SD","5c1b5435a52fc63ad1038d23"
"Sun Music","Music","Tamil","6","SD","5c1b5435a52fc63ad1038d23"
"Sun News","News","Tamil","1","SD","5c1b5435a52fc63ad1038d23"
"Surya Music","Music","Malayalam","4","SD","5c1b5435a52fc63ad1038d23"
"SUN TV","GEC","Tamil","19","SD","5c1b5435a52fc63ad1038d23"
"Surya Comedy","Movies","Malayalam","4","SD","5c1b5435a52fc63ad1038d23"
"Surya TV","GEC","Malayalam","12","SD","5c1b5435a52fc63ad1038d23"
"Udaya Comedy","Movies","Kannada","6","SD","5c1b5435a52fc63ad1038d23"
"Udaya Movies","Movies","Kannada","16","SD","5c1b5435a52fc63ad1038d23"
"Udaya Music","Music","Kannada","6","SD","5c1b5435a52fc63ad1038d23"
"Udaya News","News","Kannada","0.1","SD","5c1b5435a52fc63ad1038d23"
"Udaya TV","GEC","Kannada","17","SD","5c1b5435a52fc63ad1038d23"
"Kochu TV","Kids","Malayalam","5","SD","5c1b5435a52fc63ad1038d23"
"Sun TV HD","GEC","Tamil","19","HD","5c1b5435a52fc63ad1038d23"
"KTV HD","Movies","Tamil","19","HD","5c1b5435a52fc63ad1038d23"
"Sun Music HD","Music","Tamil","19","HD","5c1b5435a52fc63ad1038d23"
"Gemini TV HD","GEC","Telugu","19","HD","5c1b5435a52fc63ad1038d23"
"Gemini Music HD","Music","Telugu","19","HD","5c1b5435a52fc63ad1038d23"
"Gemini Movies HD","Movies","Telugu","19","HD","5c1b5435a52fc63ad1038d23"
"Surya TV HD","GEC","Malayalam","19","HD","5c1b5435a52fc63ad1038d23"
"Udaya TV HD","GEC","Kannada","19","HD","5c1b5435a52fc63ad1038d23"
"Food Food TV","Infotainment","Hindi","0.3","SD","5c1b75250cca52169ac36c5d"
"Cartoon Network","Kids","Hindi","4.25","SD","5c1b5435a52fc63ad1038d2a"
"CNN International","News","English","0.5","SD","5c1b5435a52fc63ad1038d2a"
"HBO","Movies","English","10","SD","5c1b5435a52fc63ad1038d2a"
"POGO","Kids","Hindi","4.25","SD","5c1b5435a52fc63ad1038d2a"
"Cartoon Network HD+","Kids","Hindi","10","HD","5c1b5435a52fc63ad1038d2a"
"WB","Movies","English","1","SD","5c1b5435a52fc63ad1038d2a"
"HBO HD","Movies","English","15","HD","5c1b5435a52fc63ad1038d2a"
"CNN News 18","News","English","2","SD","5c1b5435a52fc63ad1038d21"
"CNBC Bajaar","News","Gujarati","1","SD","5c1b5435a52fc63ad1038d21"
"CNBC TV 18 Prime HD","News","English","1","HD","5c1b5435a52fc63ad1038d21"
"","News","Hindi","1","SD","5c1b5435a52fc63ad1038d21"
"News 18 Tamil Nadu","News","Tamil","0.5","SD","5c1b5435a52fc63ad1038d21"
"News 18 Kerala","News","Malayalam","0.5","SD","5c1b5435a52fc63ad1038d21"
"News 18 Assam / North East","News","Assamese","0.5","SD","5c1b5435a52fc63ad1038d21"
"News 18 India","News","Hindi","1","SD","5c1b5435a52fc63ad1038d21"
"CNBC TV 18","News","English","4","SD","5c1b5435a52fc63ad1038d21"
"Aaj Tak","News","Hindi","1","SD","5c1b5435a52fc63ad1038d24"
"India Today","News","English","1.5","SD","5c1b5435a52fc63ad1038d24"
"AAJ Tak HD","News","Hindi","2","HD","5c1b5435a52fc63ad1038d24"
"Aaj Tak Tez","News","Hindi","0.5","SD","5c1b5435a52fc63ad1038d24"
"Colors","GEC","Hindi","19","SD","5c1b75cd0cca52169ac36c5e"
"Comedy Central (HD Distribution)","GEC","English","9","HD","5c1b75cd0cca52169ac36c5e"
"MTV","Music","Hindi","3","SD","5c1b75cd0cca52169ac36c5e"
"NICK","Kids","Hindi","6","SD","5c1b75cd0cca52169ac36c5e"
"NICK JR","Kids","English","8","SD","5c1b75cd0cca52169ac36c5e"
"SONIC","Kids","Hindi","2","SD","5c1b75cd0cca52169ac36c5e"
"VH 1 (HD Distribution)","Music","English","2","HD","5c1b75cd0cca52169ac36c5e"
"Colors Infinity HD","GEC","English","9","HD","5c1b75cd0cca52169ac36c5e"
"Colors Infinity","GEC","English","7","SD","5c1b75cd0cca52169ac36c5e"
"Colors HD","GEC","Hindi","19","HD","5c1b75cd0cca52169ac36c5e"
"NICKS HD+","Kids","Hindi","10","HD","5c1b75cd0cca52169ac36c5e"
"Rishtey Cineplex","Movies","Hindi","3","SD","5c1b75cd0cca52169ac36c5e"
"MTV Beats","Music","Hindi","0.5","SD","5c1b75cd0cca52169ac36c5e"
"Colors Kannada HD","GEC","Kannada","19","HD","5c1b75cd0cca52169ac36c5e"
"Colors Marathi HD","GEC","Marathi","19","HD","5c1b75cd0cca52169ac36c5e"
"Colors Bangla HD","GEC","Bangla","14","HD","5c1b75cd0cca52169ac36c5e"
"Colors Super","GEC","Kannada","8","SD","5c1b75cd0cca52169ac36c5e"
"Colors Bangla","GEC","Bangla","11","SD","5c1b75cd0cca52169ac36c5e"
"Colors Gujarati","GEC","Gujarati","8","SD","5c1b75cd0cca52169ac36c5e"
"Colors Kannada","GEC","Kannada","19","SD","5c1b75cd0cca52169ac36c5e"
"Colors Marathi","GEC","Marathi","15","SD","5c1b75cd0cca52169ac36c5e"
"Colors Oriya","GEC","Oriya","6","SD","5c1b75cd0cca52169ac36c5e"
"MTV Beats HD","Music","Hindi","1","HD","5c1b75cd0cca52169ac36c5e"
"Colors Tamil","GEC","Tamil","3","SD","5c1b75cd0cca52169ac36c5e"
"Cineplex HD","Movies","Hindi","5","HD","5c1b75cd0cca52169ac36c5e"
"VH 1","Music","English","1","SD","5c1b75cd0cca52169ac36c5e"
"Colors Tamil HD","GEC","Tamil","7","HD","5c1b75cd0cca52169ac36c5e"
"MTV HD+","Music","Hindi","5","HD","5c1b75cd0cca52169ac36c5e"
"Rishtey","GEC","Hindi","1","SD","5c1b75cd0cca52169ac36c5e"
"Colors Kannada Cinema","Movies","Kannada","2","SD","5c1b75cd0cca52169ac36c5e"
"Comedy Gujarati Cinema","Movies","Gujarati","1","SD","5c1b75cd0cca52169ac36c5e"
"Comedy Central","GEC","English","7","SD","5c1b75cd0cca52169ac36c5e"
"Vijay TV","GEC","Tamil","17","SD","5c1b761b0cca52169ac36c5f"
"Vijay Super","GEC","Tamil","2","SD","5c1b761b0cca52169ac36c5f"
"Vijay HD","GEC","Tamil","19","HD","5c1b761b0cca52169ac36c5f"
"24 Ghanta","News","Bangla","0.5","SD","5c1b76780cca52169ac36c60"
"Zee Bollywood","Movies","Hindi","2","SD","5c1b5435a52fc63ad1038d1f"
"Zee Action","Movies","Hindi","1","SD","5c1b5435a52fc63ad1038d1f"
"Zee Bangla Cinema","Movies","Bangla","8","SD","5c1b5435a52fc63ad1038d1f"
"Zee Caf� HD","GEC","English","19","HD","5c1b5435a52fc63ad1038d1f"
"Zee Caf�","GEC","English","15","SD","5c1b5435a52fc63ad1038d1f"
"Zee Cinema","Movies","Hindi","19","SD","5c1b5435a52fc63ad1038d1f"
"Zee Talkies","Movies","Marathi","17","SD","5c1b5435a52fc63ad1038d1f"
"Zee TV","GEC","Hindi","19","SD","5c1b5435a52fc63ad1038d1f"
"Zing","Music","Hindi","1","SD","5c1b5435a52fc63ad1038d1f"
"& Picture","Movies","Hindi","10","SD","5c1b5435a52fc63ad1038d1f"
"Zee Bangla","GEC","Bangla","19","SD","5c1b5435a52fc63ad1038d1f"
"Zee Marathi","GEC","Marathi","19","SD","5c1b5435a52fc63ad1038d1f"
"Living Foodz","Infotainment","English/Hindi","1","SD","5c1b5435a52fc63ad1038d1f"
"Zee TV HD","GEC","Hindi","19","HD","5c1b5435a52fc63ad1038d1f"
"Zee Cinema HD","Movies","Hindi","19","HD","5c1b5435a52fc63ad1038d1f"
"& TV","GEC","Hindi","12","SD","5c1b5435a52fc63ad1038d1f"
"& TV HD","GEC","Hindi","19","HD","5c1b5435a52fc63ad1038d1f"
"Zee Kannada","GEC","Kannada","19","SD","5c1b5435a52fc63ad1038d1f"
"Zee Telugu","GEC","Telugu","19","SD","5c1b5435a52fc63ad1038d1f"
"& Pictures HD","Movies","English/Hindi","19","HD","5c1b5435a52fc63ad1038d1f"
"Zee Cinemalu","Movies","Telugu","10","SD","5c1b5435a52fc63ad1038d1f"
"Zee Yuva","GEC","Marathi","10","SD","5c1b5435a52fc63ad1038d1f"
"Zee Marathi HD","GEC","Marathi","19","HD","5c1b5435a52fc63ad1038d1f"
"Living Zen","Infotainment","Hindi","0.1","SD","5c1b5435a52fc63ad1038d1f"
"& Prive HD","Movies","English","19","HD","5c1b5435a52fc63ad1038d1f"
"Zee Bangla HD","GEC","Bangla","19","HD","5c1b5435a52fc63ad1038d1f"
"Zee Tamil HD","GEC","Tamil","19","HD","5c1b5435a52fc63ad1038d1f"
"Zee Cinemalu HD","Movies","Telugu","16","HD","5c1b5435a52fc63ad1038d1f"
"Zee Telugu HD","GEC","Telugu","19","HD","5c1b5435a52fc63ad1038d1f"
"Zee Tamil","GEC","Tamil","12","SD","5c1b5435a52fc63ad1038d1f"
"Zee Kannada HD","GEC","Kannada","19","HD","5c1b5435a52fc63ad1038d1f"
"Zee Anmol Cinema","Movies","Hindi","1","SD","5c1b5435a52fc63ad1038d1f"
"& Flix HD","Movies","English","19","HD","5c1b5435a52fc63ad1038d1f"
"& Flix","Movies","English","15","SD","5c1b5435a52fc63ad1038d1f"
"Zee Keralam HD","GEC","Malayalam","8","HD","5c1b5435a52fc63ad1038d1f"
"Zee Keralam","GEC","Malayalam","0.1","SD","5c1b5435a52fc63ad1038d1f"
"Zee ETC","Music","Hindi","1","SD","5c1b5435a52fc63ad1038d1f"
"Zee Anmol","GEC","Hindi","1","SD","5c1b5435a52fc63ad1038d1f"
"Big Magic","GEC","Hindi","1","SD","5c1b5435a52fc63ad1038d1f"
"Big Ganga","GEC","Bhojpuri","2","SD","5c1b5435a52fc63ad1038d1f"
"Zee Talkies HD","Movies","Marathi","19","HD","5c1b5435a52fc63ad1038d1f"
"Zee 24 Taas","News","Marathi","0.5","SD","5c1b76d90cca52169ac36c61"
"Zee Kalinga","News","Odia","0.5","SD","5c1b76d90cca52169ac36c61"
"Zee Business","News","Hindi","0.5","SD","5c1b76d90cca52169ac36c61"
"Zee Punjab Haryana Himachal","News","Hindi","0.5","SD","5c1b76d90cca52169ac36c61"
"Zee Madhya Pradesh Chattisgarh","News","Hindi","0.5","SD","5c1b76d90cca52169ac36c61"
"Zee Salaam","News","Urdu","1","SD","5c1b76d90cca52169ac36c61"
"Zee 24 Kalak","News","Hindi","0.5","SD","5c1b76d90cca52169ac36c61"
"WION","News","Hindi","1","SD","5c1b76d90cca52169ac36c61"
"Zee Uttar Pradesh Uttrakhand","News","Hindi","0.5","SD","5c1b76d90cca52169ac36c61"
"Zee Hindustan","News","Hindi","0.5","SD","5c1b76d90cca52169ac36c61"
"Ezmall.com","Miscellaneous","Hindi","0.1","SD","5c1b76d90cca52169ac36c61"
"Zee Bihar Jharkhand","News","Hindi","0.5","SD","5c1b76d90cca52169ac36c61"
"Zee News","News","Hindi","0.5","SD","5c1b76d90cca52169ac36c61"
"Zee Rajasthan News","News","Hindi","0.5","SD","5c1b76d90cca52169ac36c61"
"Movies Now","Movies","English","12","SD","5c1b77230cca52169ac36c62"
